Log ID,User ID,Action,Timestamp,IP Address
1,43,Viewed Logs,2025-08-28,112.136.205.28
2,35,Login Successful,2025-10-03,22.226.225.239
3,20,Viewed Logs,2025-07-09,98.0.51.88
4,5,Downloaded Report,2025-09-18,238.4.170.230
5,9,Login Failed,2025-07-15,75.40.19.165
6,11,Created New Project,2025-09-13,34.65.154.168
7,38,Logged Out,2025-08-18,192.219.88.99
8,40,Updated Issue,2025-08-09,208.60.83.153
9,8,Changed Role,2025-10-19,203.237.217.164
10,24,Modified Access Control,2025-10-19,10.167.248.175
11,13,Login Failed,2025-09-30,19.159.105.205
12,11,Login Failed,2025-08-30,29.118.115.146
13,41,Login Successful,2025-10-30,174.110.10.98
14,13,Logged Out,2025-07-14,99.36.115.126
15,40,Downloaded Report,2025-07-13,151.26.79.122
16,40,Logged Out,2025-08-06,50.58.184.35
17,15,Viewed Logs,2025-07-09,11.144.101.230
18,24,Created New Project,2025-07-02,36.150.160.48
19,42,Viewed Logs,2025-08-25,197.90.192.210
20,43,Login Successful,2025-08-22,202.249.196.0
21,11,Created New Project,2025-08-12,106.56.153.81
22,10,Logged Out,2025-08-06,129.128.81.91
23,6,Updated Issue,2025-07-15,63.162.22.93
24,34,Viewed Logs,2025-07-04,179.77.131.172
25,28,Viewed Project,2025-07-20,203.73.218.66
26,25,Modified Access Control,2025-09-13,201.37.247.194
27,43,Viewed Logs,2025-08-03,122.140.190.76
28,18,Login Successful,2025-10-12,113.66.120.132
29,5,Login Successful,2025-09-02,108.222.184.211
30,42,Logged Out,2025-07-27,93.99.112.176
31,14,Viewed Project,2025-09-01,87.81.50.113
32,21,Viewed Project,2025-10-29,128.14.113.174
33,3,Viewed Logs,2025-09-13,104.74.168.46
34,45,Viewed Logs,2025-10-02,42.221.111.5
35,42,Created New Project,2025-09-06,230.207.51.29
36,38,Logged Out,2025-07-18,6.47.175.206
37,10,Viewed Logs,2025-07-01,170.120.175.206
38,31,Modified Access Control,2025-10-24,25.112.47.148
39,14,Login Failed,2025-09-03,192.222.204.217
40,5,Modified Access Control,2025-10-14,62.100.47.131
41,8,Viewed Logs,2025-09-26,206.204.143.219
42,6,Login Failed,2025-10-06,253.3.90.25
43,2,Login Failed,2025-07-30,151.227.21.104
44,19,Login Successful,2025-10-09,112.247.75.85
45,44,Updated Issue,2025-08-23,47.234.101.234
46,6,Modified Access Control,2025-07-28,65.154.235.29
47,6,Modified Access Control,2025-10-10,211.194.218.233
48,12,Changed Role,2025-08-20,205.38.159.58
49,3,Modified Access Control,2025-07-11,46.71.38.176
50,27,Logged Out,2025-07-11,16.77.138.127
51,17,Login Failed,2025-10-03,93.52.189.124
52,17,Viewed Logs,2025-07-03,169.118.125.128
53,12,Login Successful,2025-09-28,224.0.26.153
54,43,Changed Role,2025-07-14,219.147.82.75
55,5,Viewed Project,2025-10-24,42.96.77.29
56,41,Updated Issue,2025-08-27,156.2.182.166
57,29,Login Successful,2025-09-08,24.155.130.249
58,8,Viewed Project,2025-09-20,140.105.137.236
59,41,Login Successful,2025-10-18,89.51.240.147
60,8,Logged Out,2025-10-28,157.94.30.68
61,17,Downloaded Report,2025-08-15,45.244.34.167
62,8,Updated Issue,2025-09-06,129.72.239.33
63,8,Downloaded Report,2025-08-04,150.126.141.135
64,18,Created New Project,2025-07-22,238.47.97.132
65,10,Changed Role,2025-10-01,238.16.134.180
66,44,Login Failed,2025-10-14,11.11.247.71
67,45,Viewed Project,2025-08-27,139.242.180.114
68,22,Login Failed,2025-10-06,191.169.228.227
69,50,Modified Access Control,2025-10-24,94.196.103.130
70,32,Logged Out,2025-08-21,55.198.51.247
71,27,Login Successful,2025-08-24,212.225.154.193
72,36,Downloaded Report,2025-10-02,95.140.216.160
73,7,Changed Role,2025-08-25,213.1.106.244
74,49,Viewed Logs,2025-08-01,173.173.85.166
75,45,Created New Project,2025-09-30,53.53.194.130
76,50,Created New Project,2025-08-05,137.151.125.60
77,21,Logged Out,2025-07-03,210.105.228.115
78,7,Viewed Project,2025-10-02,41.27.139.7
79,15,Modified Access Control,2025-09-30,233.217.88.241
80,25,Viewed Logs,2025-09-07,46.37.6.104
81,34,Modified Access Control,2025-08-01,110.23.69.231
82,45,Created New Project,2025-09-13,44.86.160.61
83,8,Viewed Project,2025-10-31,97.61.138.38
84,17,Logged Out,2025-07-08,38.143.107.103
85,5,Viewed Logs,2025-08-05,6.28.66.104
86,46,Viewed Project,2025-07-14,236.250.130.114
87,1,Viewed Project,2025-10-11,130.32.255.228
88,1,Updated Issue,2025-10-14,244.17.210.22
89,20,Created New Project,2025-08-06,127.171.110.96
90,43,Updated Issue,2025-08-24,70.254.219.232
91,25,Logged Out,2025-08-31,10.242.36.189
92,41,Created New Project,2025-09-06,66.211.121.192
93,11,Viewed Logs,2025-09-04,230.190.49.44
94,43,Created New Project,2025-08-04,198.84.102.133
95,4,Downloaded Report,2025-10-21,237.46.177.244
96,25,Viewed Logs,2025-08-22,140.4.137.216
97,31,Login Failed,2025-09-16,223.252.243.252
98,9,Updated Issue,2025-07-23,35.79.92.213
99,30,Login Successful,2025-09-12,151.76.90.25
100,50,Viewed Logs,2025-07-22,171.65.73.13
101,4,Created New Project,2025-07-19,122.118.83.188
102,48,Viewed Project,2025-09-02,35.189.253.173
103,8,Modified Access Control,2025-10-14,76.51.37.145
104,47,Logged Out,2025-08-22,227.78.167.170
105,22,Modified Access Control,2025-07-31,49.198.201.92
106,4,Viewed Logs,2025-09-25,218.230.4.177
107,5,Created New Project,2025-08-24,224.225.249.114
108,9,Viewed Project,2025-08-05,173.84.70.168
109,15,Login Successful,2025-08-17,239.138.245.46
110,37,Downloaded Report,2025-08-01,84.194.99.146
111,31,Updated Issue,2025-08-13,74.29.17.1
112,32,Login Failed,2025-10-14,155.112.46.153
113,6,Updated Issue,2025-10-29,117.34.45.196
114,29,Downloaded Report,2025-10-15,185.212.239.76
115,14,Logged Out,2025-07-24,33.99.213.186
116,11,Viewed Logs,2025-09-22,100.122.255.42
117,36,Changed Role,2025-09-24,50.103.231.29
118,50,Login Successful,2025-08-08,246.248.155.47
119,3,Login Successful,2025-09-27,162.76.192.139
120,32,Updated Issue,2025-09-08,115.47.118.255
121,41,Created New Project,2025-09-12,248.25.216.231
122,48,Logged Out,2025-08-30,211.38.98.86
123,17,Viewed Project,2025-10-10,169.46.136.37
124,33,Created New Project,2025-08-15,11.230.108.209
125,10,Modified Access Control,2025-09-02,97.193.199.211
126,41,Updated Issue,2025-10-08,26.43.173.136
127,27,Downloaded Report,2025-07-20,237.15.21.16
128,13,Viewed Logs,2025-07-15,55.116.238.1
129,10,Modified Access Control,2025-10-02,80.115.216.176
130,14,Login Successful,2025-08-14,195.242.208.11
131,34,Created New Project,2025-09-04,104.41.206.239
132,34,Created New Project,2025-08-05,243.250.215.92
133,41,Login Failed,2025-07-23,163.3.65.219
134,43,Login Successful,2025-07-25,207.226.18.208
135,49,Viewed Logs,2025-07-11,107.197.148.35
136,15,Viewed Project,2025-08-07,192.155.186.117
137,18,Created New Project,2025-09-09,122.61.192.203
138,19,Viewed Project,2025-09-23,88.235.2.48
139,17,Created New Project,2025-10-05,135.143.58.77
140,16,Created New Project,2025-08-26,164.236.183.16
141,33,Login Failed,2025-09-07,185.226.42.56
142,17,Login Failed,2025-10-24,115.83.122.49
143,9,Viewed Project,2025-10-15,13.111.52.84
144,48,Login Failed,2025-08-22,179.0.120.76
145,30,Created New Project,2025-07-14,92.163.237.177
146,10,Login Failed,2025-09-26,164.104.106.143
147,36,Login Failed,2025-09-16,206.149.106.76
148,8,Logged Out,2025-10-19,134.198.144.66
149,46,Login Failed,2025-08-28,88.226.12.209
150,29,Login Failed,2025-09-29,65.134.108.74
151,16,Viewed Logs,2025-09-14,209.219.54.231
152,25,Login Failed,2025-07-14,184.70.104.113
153,31,Login Successful,2025-08-13,2.20.0.227
154,1,Modified Access Control,2025-07-25,59.121.98.248
155,24,Created New Project,2025-07-23,118.233.6.199
156,31,Created New Project,2025-10-27,188.220.218.116
157,33,Created New Project,2025-07-22,236.216.92.234
158,40,Modified Access Control,2025-10-23,177.50.221.6
159,30,Created New Project,2025-08-13,20.221.190.169
160,29,Updated Issue,2025-07-16,125.194.221.179
161,22,Modified Access Control,2025-07-27,144.165.201.140
162,41,Created New Project,2025-08-18,4.66.24.60
163,39,Changed Role,2025-07-14,33.78.65.99
164,4,Login Successful,2025-09-29,42.225.142.104
165,35,Updated Issue,2025-10-24,211.176.29.202
166,42,Login Failed,2025-08-06,157.111.154.197
167,5,Created New Project,2025-10-23,34.226.141.244
168,29,Modified Access Control,2025-08-02,237.50.117.232
169,33,Changed Role,2025-07-26,157.170.151.218
170,9,Login Successful,2025-07-09,102.155.1.163
171,4,Changed Role,2025-07-27,26.60.232.184
172,48,Viewed Logs,2025-08-14,145.162.2.90
173,12,Viewed Logs,2025-08-22,54.34.178.161
174,11,Login Successful,2025-07-08,179.202.19.55
175,40,Logged Out,2025-07-05,91.211.252.42
176,39,Created New Project,2025-08-29,62.233.99.227
177,2,Created New Project,2025-10-06,110.60.182.192
178,15,Viewed Project,2025-07-22,53.65.210.70
179,26,Modified Access Control,2025-08-19,129.89.141.69
180,26,Viewed Project,2025-10-12,20.128.211.198
181,46,Logged Out,2025-07-19,172.51.228.20
182,43,Downloaded Report,2025-07-20,250.7.115.227
183,27,Modified Access Control,2025-10-28,254.87.204.59
184,10,Changed Role,2025-07-06,108.12.44.243
185,9,Login Failed,2025-07-10,146.75.210.107
186,49,Changed Role,2025-07-24,218.77.104.80
187,43,Viewed Project,2025-10-17,66.141.137.111
188,38,Changed Role,2025-09-08,57.36.127.26
189,4,Login Failed,2025-10-16,83.213.151.106
190,42,Changed Role,2025-09-04,106.67.249.138
191,26,Downloaded Report,2025-08-09,79.46.101.116
192,45,Modified Access Control,2025-10-03,183.189.223.106
193,22,Viewed Project,2025-07-30,239.167.135.131
194,35,Created New Project,2025-08-23,115.66.129.9
195,47,Login Failed,2025-07-31,5.147.196.182
196,43,Logged Out,2025-10-07,144.74.81.30
197,48,Created New Project,2025-08-16,196.172.233.211
198,29,Logged Out,2025-07-08,35.94.77.32
199,48,Viewed Logs,2025-10-13,101.157.247.122
200,11,Updated Issue,2025-08-20,199.32.34.201
201,16,Logged Out,2025-07-30,54.32.152.158
202,14,Modified Access Control,2025-10-09,253.243.221.72
203,14,Changed Role,2025-07-10,163.131.0.192
204,16,Logged Out,2025-08-15,255.64.111.9
205,12,Changed Role,2025-10-08,253.82.156.122
206,22,Login Successful,2025-09-12,179.40.2.158
207,25,Updated Issue,2025-10-17,236.36.3.174
208,36,Login Successful,2025-10-27,100.99.228.161
209,2,Changed Role,2025-08-06,120.176.129.7
210,42,Viewed Logs,2025-08-19,86.187.64.218
211,25,Logged Out,2025-09-23,177.50.62.95
212,24,Modified Access Control,2025-10-08,190.161.240.30
213,46,Downloaded Report,2025-08-08,111.13.243.243
214,27,Downloaded Report,2025-09-28,31.158.70.206
215,12,Updated Issue,2025-09-06,174.171.197.255
216,24,Viewed Logs,2025-08-08,200.4.17.121
217,35,Login Successful,2025-10-25,114.146.252.77
218,50,Login Successful,2025-07-30,41.54.191.21
219,6,Downloaded Report,2025-10-03,94.37.27.197
220,1,Modified Access Control,2025-07-12,121.67.190.22
221,45,Created New Project,2025-10-31,164.63.250.146
222,1,Downloaded Report,2025-09-20,214.222.143.205
223,3,Modified Access Control,2025-08-11,154.245.231.235
224,23,Changed Role,2025-08-23,8.83.95.228
225,12,Login Successful,2025-10-01,228.209.140.238
226,42,Viewed Logs,2025-08-20,126.68.161.34
227,1,Login Failed,2025-08-20,209.16.24.247
228,7,Viewed Logs,2025-07-04,63.136.130.151
229,24,Login Successful,2025-09-14,76.78.30.141
230,37,Login Successful,2025-08-04,54.63.0.219
231,21,Modified Access Control,2025-07-24,98.2.7.136
232,4,Modified Access Control,2025-07-09,91.197.227.236
233,10,Logged Out,2025-08-15,181.42.200.134
234,46,Login Successful,2025-10-01,189.69.21.57
235,22,Login Failed,2025-08-03,185.200.116.125
236,17,Login Successful,2025-10-21,94.14.105.53
237,47,Viewed Logs,2025-07-15,90.162.2.187
238,15,Viewed Project,2025-09-06,141.51.183.251
239,32,Updated Issue,2025-09-12,173.217.123.11
240,31,Changed Role,2025-09-29,187.137.5.205
241,13,Changed Role,2025-09-13,237.133.229.249
242,11,Updated Issue,2025-08-15,239.231.252.235
243,22,Login Failed,2025-07-12,233.51.216.70
244,39,Changed Role,2025-07-12,174.131.192.154
245,4,Changed Role,2025-10-06,219.147.88.111
246,11,Viewed Project,2025-09-30,21.15.250.50
247,36,Viewed Project,2025-09-18,100.78.41.64
248,3,Changed Role,2025-10-31,133.69.130.186
249,33,Viewed Logs,2025-07-28,63.193.55.189
250,1,Login Successful,2025-08-20,38.124.225.7
251,6,Viewed Logs,2025-10-23,59.223.168.184
252,25,Logged Out,2025-10-11,161.86.37.191
253,13,Viewed Logs,2025-10-31,17.49.167.24
254,24,Modified Access Control,2025-07-07,160.84.184.211
255,15,Modified Access Control,2025-07-03,212.188.87.148
256,42,Logged Out,2025-09-19,65.245.56.23
257,24,Modified Access Control,2025-07-09,22.174.72.46
258,35,Changed Role,2025-10-28,84.213.222.91
259,48,Changed Role,2025-08-21,184.253.252.16
260,26,Viewed Logs,2025-09-25,189.81.31.16
261,38,Created New Project,2025-08-23,186.88.24.75
262,5,Login Failed,2025-09-08,175.231.70.223
263,15,Updated Issue,2025-10-16,66.27.8.79
264,19,Modified Access Control,2025-10-08,23.27.106.7
265,40,Downloaded Report,2025-09-28,162.120.37.132
266,4,Created New Project,2025-08-11,230.144.101.67
267,18,Login Failed,2025-08-27,80.207.209.61
268,21,Login Successful,2025-10-10,43.245.227.84
269,5,Updated Issue,2025-08-06,168.38.53.5
270,43,Login Successful,2025-08-08,187.168.201.106
271,43,Modified Access Control,2025-10-28,172.113.68.219
272,38,Viewed Logs,2025-08-14,36.100.62.172
273,39,Updated Issue,2025-07-23,130.200.67.226
274,48,Downloaded Report,2025-09-23,251.177.85.236
275,38,Logged Out,2025-09-01,66.91.37.212
276,27,Updated Issue,2025-08-13,238.201.180.61
277,35,Changed Role,2025-07-17,19.72.97.84
278,5,Viewed Project,2025-08-17,248.39.192.114
279,46,Viewed Logs,2025-07-14,21.245.208.122
280,46,Login Failed,2025-07-15,144.0.170.84
281,47,Logged Out,2025-10-13,49.0.253.212
282,31,Downloaded Report,2025-09-23,121.214.11.104
283,44,Viewed Logs,2025-09-09,146.128.31.184
284,46,Viewed Logs,2025-10-02,99.16.145.212
285,45,Viewed Project,2025-08-17,187.55.28.203
286,23,Downloaded Report,2025-10-13,13.144.144.94
287,38,Changed Role,2025-09-25,206.244.183.186
288,14,Viewed Project,2025-08-28,218.144.32.103
289,17,Logged Out,2025-08-09,172.230.219.77
290,34,Login Successful,2025-10-29,45.24.247.33
291,30,Login Failed,2025-08-06,95.162.193.210
292,12,Downloaded Report,2025-10-02,128.150.132.180
293,27,Login Failed,2025-09-05,98.205.64.2
294,18,Login Successful,2025-08-30,76.4.30.114
295,21,Viewed Logs,2025-08-18,64.93.62.75
296,30,Viewed Logs,2025-07-12,208.99.239.202
297,5,Viewed Project,2025-07-31,98.75.61.66
298,41,Changed Role,2025-07-11,242.250.66.175
299,10,Login Failed,2025-08-10,204.191.158.163
300,48,Login Failed,2025-08-17,70.204.122.150
301,18,Changed Role,2025-10-05,157.195.204.28
302,22,Login Successful,2025-09-06,160.176.113.89
303,28,Changed Role,2025-07-13,239.174.125.185
304,9,Updated Issue,2025-10-04,92.210.121.215
305,44,Viewed Project,2025-09-13,85.64.100.49
306,36,Updated Issue,2025-10-25,1.102.154.218
307,40,Login Failed,2025-08-26,150.204.206.243
308,16,Updated Issue,2025-07-25,187.57.137.67
309,20,Downloaded Report,2025-10-21,61.189.16.178
310,18,Downloaded Report,2025-09-23,29.148.242.201
311,38,Login Failed,2025-07-24,210.80.149.226
312,2,Login Failed,2025-09-25,17.205.194.61
313,37,Downloaded Report,2025-08-13,198.255.103.61
314,4,Updated Issue,2025-09-16,28.210.199.51
315,46,Changed Role,2025-09-12,165.119.176.217
316,34,Viewed Logs,2025-08-19,30.75.162.236
317,11,Downloaded Report,2025-08-02,62.224.119.180
318,8,Changed Role,2025-09-03,108.226.143.54
319,12,Logged Out,2025-09-15,176.223.181.15
320,10,Viewed Logs,2025-08-05,42.97.79.30
321,41,Login Failed,2025-10-09,121.191.54.151
322,44,Viewed Logs,2025-10-16,154.15.166.13
323,18,Created New Project,2025-08-29,11.4.17.100
324,29,Viewed Project,2025-07-07,109.102.164.61
325,38,Logged Out,2025-10-22,92.84.131.92
326,14,Viewed Logs,2025-10-10,195.135.82.162
327,17,Changed Role,2025-09-03,144.162.85.12
328,22,Created New Project,2025-10-18,200.14.116.110
329,21,Viewed Project,2025-07-09,251.42.114.130
330,37,Login Successful,2025-07-25,41.126.231.4
331,40,Downloaded Report,2025-07-08,143.52.7.95
332,8,Viewed Logs,2025-08-21,228.112.179.21
333,17,Logged Out,2025-10-05,58.65.225.164
334,14,Created New Project,2025-08-04,14.242.217.241
335,49,Viewed Logs,2025-08-20,150.208.135.12
336,47,Login Successful,2025-10-19,15.105.102.3
337,47,Updated Issue,2025-10-29,224.147.234.170
338,30,Login Successful,2025-09-07,40.152.88.144
339,6,Viewed Logs,2025-09-08,37.253.74.148
340,2,Updated Issue,2025-10-28,17.119.3.124
341,2,Viewed Logs,2025-10-16,220.122.75.85
342,34,Viewed Logs,2025-07-09,30.179.204.28
343,18,Modified Access Control,2025-07-30,98.35.6.187
344,14,Viewed Logs,2025-07-30,101.221.238.253
345,40,Downloaded Report,2025-07-20,147.9.42.128
346,2,Updated Issue,2025-08-10,12.160.121.52
347,7,Updated Issue,2025-09-04,25.149.44.122
348,24,Changed Role,2025-08-01,117.251.30.0
349,11,Changed Role,2025-09-13,177.153.232.253
350,8,Changed Role,2025-07-05,153.42.62.79
351,18,Changed Role,2025-07-18,90.76.189.218
352,31,Viewed Project,2025-07-30,97.92.176.65
353,9,Downloaded Report,2025-08-07,242.199.227.202
354,12,Login Failed,2025-08-17,49.33.164.9
355,23,Login Failed,2025-08-06,196.121.81.140
356,25,Updated Issue,2025-10-30,44.98.249.115
357,1,Viewed Project,2025-08-26,203.158.32.165
358,25,Login Successful,2025-10-03,93.177.200.18
359,22,Modified Access Control,2025-09-05,9.20.148.252
360,30,Viewed Project,2025-08-30,34.17.9.175
361,37,Viewed Project,2025-09-15,245.216.213.135
362,21,Viewed Project,2025-09-19,244.15.232.186
363,30,Changed Role,2025-08-01,131.52.41.111
364,23,Modified Access Control,2025-07-26,127.115.136.98
365,43,Login Successful,2025-09-29,148.160.126.251
366,46,Created New Project,2025-08-29,229.166.93.11
367,24,Modified Access Control,2025-07-17,127.226.111.18
368,46,Created New Project,2025-08-02,67.165.24.140
369,5,Created New Project,2025-07-07,219.52.71.183
370,43,Viewed Project,2025-09-19,88.44.197.0
371,9,Modified Access Control,2025-10-11,166.142.244.190
372,39,Changed Role,2025-08-27,112.165.117.107
373,33,Created New Project,2025-07-09,118.151.251.214
374,10,Login Successful,2025-07-19,77.224.37.68
375,30,Created New Project,2025-08-05,64.147.223.67
376,4,Viewed Project,2025-09-18,250.187.74.119
377,50,Updated Issue,2025-07-13,125.64.34.172
378,8,Viewed Project,2025-08-13,224.160.211.216
379,14,Login Failed,2025-07-28,247.170.221.95
380,44,Modified Access Control,2025-08-05,79.197.148.210
381,27,Login Successful,2025-10-21,253.126.11.187
382,20,Login Failed,2025-09-21,185.115.95.51
383,23,Viewed Project,2025-10-31,172.39.156.220
384,31,Modified Access Control,2025-07-17,249.124.104.233
385,25,Logged Out,2025-10-11,204.152.73.200
386,10,Changed Role,2025-09-06,92.115.127.5
387,40,Viewed Project,2025-08-04,62.121.151.52
388,19,Login Failed,2025-09-19,173.160.232.219
389,33,Viewed Project,2025-08-21,183.44.181.122
390,35,Login Successful,2025-07-13,242.116.57.242
391,44,Viewed Logs,2025-08-25,109.160.135.178
392,32,Modified Access Control,2025-08-08,172.101.127.143
393,25,Login Successful,2025-08-13,207.148.251.153
394,21,Login Failed,2025-07-22,193.37.24.147
395,18,Viewed Logs,2025-09-15,164.121.55.153
396,27,Changed Role,2025-10-21,99.248.209.118
397,48,Login Successful,2025-10-19,155.139.209.212
398,11,Login Successful,2025-07-24,21.249.127.125
399,29,Updated Issue,2025-10-20,15.124.193.141
400,43,Created New Project,2025-08-13,66.166.219.36
401,47,Modified Access Control,2025-09-06,118.239.130.56
402,15,Login Successful,2025-07-10,162.164.215.20
403,13,Created New Project,2025-09-20,29.204.141.178
404,14,Downloaded Report,2025-10-15,156.236.136.227
405,22,Logged Out,2025-09-29,49.177.7.193
406,23,Created New Project,2025-09-02,245.132.225.19
407,4,Logged Out,2025-10-06,129.110.69.247
408,38,Created New Project,2025-09-12,219.78.37.73
409,25,Created New Project,2025-07-20,221.88.234.208
410,42,Viewed Logs,2025-08-11,205.203.182.205
411,19,Viewed Logs,2025-08-12,159.177.103.46
412,26,Viewed Project,2025-09-25,40.35.180.86
413,13,Viewed Logs,2025-07-30,168.121.152.158
414,5,Created New Project,2025-10-11,49.135.148.54
415,18,Login Successful,2025-07-24,42.122.131.134
416,35,Changed Role,2025-09-07,69.89.130.108
417,21,Updated Issue,2025-07-10,160.142.157.216
418,22,Viewed Project,2025-10-17,155.87.165.51
419,23,Modified Access Control,2025-09-30,19.220.251.0
420,44,Downloaded Report,2025-07-19,206.84.45.223
421,14,Logged Out,2025-10-15,86.0.129.63
422,39,Created New Project,2025-07-14,241.116.15.114
423,32,Logged Out,2025-09-22,179.154.121.27
424,40,Updated Issue,2025-08-13,246.145.226.109
425,28,Viewed Project,2025-09-09,25.64.46.71
426,21,Updated Issue,2025-08-03,14.77.249.123
427,11,Downloaded Report,2025-07-24,189.166.167.20
428,15,Logged Out,2025-09-15,24.232.42.10
429,45,Updated Issue,2025-10-26,14.201.122.181
430,47,Downloaded Report,2025-07-18,92.152.21.236
431,12,Modified Access Control,2025-07-18,134.134.29.50
432,32,Viewed Project,2025-08-29,81.46.224.58
433,34,Modified Access Control,2025-07-04,134.152.116.103
434,23,Logged Out,2025-10-09,167.18.199.70
435,20,Modified Access Control,2025-08-25,59.180.79.74
436,15,Logged Out,2025-10-09,203.99.251.57
437,25,Changed Role,2025-08-15,42.224.201.172
438,17,Downloaded Report,2025-09-27,13.70.241.97
439,7,Logged Out,2025-10-25,255.126.191.150
440,46,Viewed Project,2025-07-11,230.40.66.234
441,5,Created New Project,2025-08-26,230.191.236.235
442,28,Viewed Project,2025-09-19,99.33.99.237
443,32,Logged Out,2025-10-24,29.101.115.255
444,4,Updated Issue,2025-09-16,19.91.65.189
445,49,Viewed Project,2025-08-04,200.167.92.137
446,32,Login Successful,2025-07-13,185.99.117.57
447,11,Downloaded Report,2025-10-11,16.233.228.192
448,32,Modified Access Control,2025-07-16,185.171.89.195
449,4,Login Successful,2025-08-20,20.119.135.115
450,41,Login Failed,2025-10-20,149.19.119.175
451,11,Logged Out,2025-08-04,97.106.191.93
452,38,Viewed Logs,2025-10-07,124.20.231.52
453,16,Login Failed,2025-08-13,196.235.33.251
454,29,Viewed Project,2025-07-26,184.48.122.160
455,10,Login Successful,2025-10-14,167.76.89.182
456,7,Changed Role,2025-10-22,255.53.132.153
457,3,Viewed Project,2025-07-05,135.97.95.94
458,25,Login Successful,2025-10-03,178.159.213.164
459,26,Viewed Logs,2025-07-20,98.96.107.111
460,23,Created New Project,2025-07-14,161.252.251.188
461,4,Created New Project,2025-07-29,11.95.207.231
462,36,Login Successful,2025-09-09,84.6.77.89
463,42,Login Failed,2025-09-26,28.3.19.65
464,43,Changed Role,2025-10-27,2.25.135.136
465,31,Logged Out,2025-09-17,5.93.128.86
466,24,Modified Access Control,2025-09-23,151.182.39.207
467,40,Updated Issue,2025-07-15,2.218.169.173
468,14,Login Successful,2025-07-24,136.223.145.221
469,24,Created New Project,2025-09-10,85.145.97.222
470,5,Created New Project,2025-09-13,255.115.116.170
471,17,Login Successful,2025-10-20,25.254.147.43
472,12,Modified Access Control,2025-07-06,167.207.100.78
473,15,Modified Access Control,2025-10-01,163.77.54.199
474,35,Modified Access Control,2025-09-18,166.7.85.224
475,44,Updated Issue,2025-07-26,70.177.125.94
476,44,Modified Access Control,2025-10-04,100.78.182.207
477,33,Updated Issue,2025-09-23,140.180.73.148
478,18,Logged Out,2025-07-12,63.9.142.123
479,7,Modified Access Control,2025-07-06,247.11.82.86
480,35,Viewed Logs,2025-08-31,252.102.187.17
481,40,Modified Access Control,2025-10-21,65.243.11.103
482,35,Login Successful,2025-08-24,72.47.138.233
483,49,Viewed Project,2025-10-01,81.192.3.65
484,41,Logged Out,2025-10-25,68.16.26.7
485,40,Viewed Project,2025-09-01,41.61.192.83
486,47,Downloaded Report,2025-09-04,99.167.114.228
487,16,Viewed Project,2025-08-07,115.116.104.142
488,2,Login Failed,2025-07-19,102.188.61.159
489,19,Viewed Project,2025-07-19,71.115.167.146
490,31,Created New Project,2025-08-16,81.60.64.53
491,15,Created New Project,2025-10-06,5.242.108.137
492,40,Created New Project,2025-08-17,103.76.189.62
493,13,Modified Access Control,2025-09-15,138.119.62.157
494,16,Changed Role,2025-07-22,24.242.167.188
495,8,Viewed Logs,2025-10-02,138.23.153.41
496,19,Logged Out,2025-07-16,102.140.231.90
497,27,Downloaded Report,2025-09-19,219.63.43.213
498,29,Created New Project,2025-10-15,110.68.0.188
499,48,Logged Out,2025-08-16,249.7.91.20
500,2,Login Failed,2025-09-20,116.252.55.11
501,46,Viewed Logs,2025-09-11,7.2.185.151
502,8,Downloaded Report,2025-08-28,255.250.55.19
503,41,Updated Issue,2025-10-06,25.98.158.101
504,38,Created New Project,2025-10-22,244.117.129.101
505,21,Viewed Logs,2025-07-08,160.229.18.19
506,42,Created New Project,2025-09-06,190.195.115.71
507,35,Created New Project,2025-08-14,110.6.169.84
508,30,Updated Issue,2025-08-11,143.102.70.108
509,30,Login Successful,2025-09-01,87.235.112.203
510,50,Created New Project,2025-08-09,206.229.92.172
511,46,Updated Issue,2025-10-21,20.175.248.179
512,19,Updated Issue,2025-08-15,81.45.23.70
513,21,Login Successful,2025-07-07,93.226.118.119
514,49,Viewed Project,2025-07-01,32.216.72.44
515,30,Downloaded Report,2025-09-22,170.241.88.134
516,1,Login Successful,2025-10-05,153.211.185.162
517,28,Downloaded Report,2025-09-19,38.17.167.162
518,41,Logged Out,2025-09-24,215.214.141.28
519,10,Login Failed,2025-10-12,142.122.102.106
520,16,Created New Project,2025-10-25,14.50.4.49
521,15,Login Failed,2025-10-02,191.138.10.176
522,39,Modified Access Control,2025-10-22,73.240.99.159
523,7,Viewed Project,2025-07-05,214.205.248.246
524,6,Logged Out,2025-09-09,137.60.11.203
525,36,Updated Issue,2025-07-04,4.11.31.87
526,37,Viewed Project,2025-07-27,93.71.166.79
527,6,Login Failed,2025-09-16,1.180.81.125
528,6,Updated Issue,2025-10-18,64.211.240.23
529,6,Modified Access Control,2025-09-03,128.63.85.32
530,30,Changed Role,2025-08-26,121.211.164.225
531,25,Changed Role,2025-10-16,92.142.33.42
532,8,Downloaded Report,2025-09-05,23.85.43.18
533,41,Logged Out,2025-09-18,252.56.110.20
534,33,Created New Project,2025-08-11,94.60.63.59
535,36,Updated Issue,2025-07-04,236.173.6.138
536,22,Modified Access Control,2025-08-31,189.46.210.105
537,49,Logged Out,2025-07-28,240.199.97.79
538,22,Changed Role,2025-09-09,113.52.174.117
539,44,Login Successful,2025-07-29,135.42.69.242
540,4,Updated Issue,2025-09-08,180.216.123.232
541,40,Viewed Logs,2025-07-04,237.215.221.255
542,26,Downloaded Report,2025-10-23,174.175.64.209
543,36,Logged Out,2025-10-10,3.44.201.251
544,41,Logged Out,2025-07-19,47.4.148.160
545,8,Updated Issue,2025-07-19,102.87.73.76
546,39,Logged Out,2025-10-02,229.36.247.121
547,18,Updated Issue,2025-08-07,10.6.227.194
548,31,Login Successful,2025-08-05,250.178.2.123
549,8,Login Failed,2025-07-01,253.15.40.2
550,18,Login Successful,2025-07-14,42.25.34.103
551,38,Viewed Logs,2025-09-10,60.59.113.122
552,14,Modified Access Control,2025-08-08,143.207.91.211
553,23,Created New Project,2025-07-01,240.198.69.230
554,9,Changed Role,2025-08-03,181.1.58.180
555,35,Viewed Project,2025-08-04,141.1.26.52
556,31,Modified Access Control,2025-08-27,126.46.29.129
557,25,Downloaded Report,2025-08-12,208.56.164.194
558,15,Login Failed,2025-09-20,56.76.78.238
559,27,Changed Role,2025-10-02,228.211.175.144
560,27,Modified Access Control,2025-10-15,40.136.94.155
561,22,Downloaded Report,2025-07-06,20.50.129.225
562,21,Updated Issue,2025-07-30,155.111.60.252
563,4,Logged Out,2025-10-15,229.77.26.193
564,47,Login Failed,2025-09-02,230.183.27.81
565,28,Created New Project,2025-09-22,4.11.52.0
566,19,Viewed Project,2025-10-17,150.186.158.215
567,19,Login Successful,2025-10-06,18.144.184.177
568,2,Viewed Logs,2025-08-02,148.151.20.217
569,13,Created New Project,2025-10-30,199.116.211.245
570,34,Viewed Logs,2025-08-30,194.197.208.20
571,13,Downloaded Report,2025-07-08,55.95.89.143
572,46,Modified Access Control,2025-10-13,107.217.154.115
573,33,Modified Access Control,2025-10-30,32.192.154.95
574,6,Viewed Project,2025-07-10,50.108.20.184
575,8,Changed Role,2025-09-30,180.3.116.9
576,7,Logged Out,2025-09-23,123.178.168.170
577,3,Login Failed,2025-07-07,216.138.180.178
578,29,Viewed Project,2025-10-31,194.116.254.26
579,33,Updated Issue,2025-09-04,152.79.143.170
580,37,Login Successful,2025-07-30,246.141.143.30
581,16,Updated Issue,2025-07-17,108.197.164.95
582,19,Changed Role,2025-07-22,84.57.153.179
583,15,Updated Issue,2025-10-21,47.196.215.67
584,6,Login Successful,2025-07-08,164.216.172.255
585,3,Login Successful,2025-08-24,114.22.38.191
586,37,Login Successful,2025-10-27,206.85.201.191
587,17,Updated Issue,2025-10-11,59.105.49.84
588,41,Viewed Project,2025-09-29,55.254.65.96
589,47,Login Successful,2025-09-01,164.116.59.79
590,39,Created New Project,2025-07-25,90.241.120.203
591,2,Login Successful,2025-07-08,130.255.87.184
592,12,Viewed Project,2025-09-01,94.118.24.148
593,37,Downloaded Report,2025-07-31,244.75.47.15
594,37,Logged Out,2025-09-30,101.129.172.136
595,6,Updated Issue,2025-07-31,248.84.9.147
596,4,Viewed Project,2025-08-08,191.9.52.202
597,15,Modified Access Control,2025-09-11,211.142.93.15
598,31,Updated Issue,2025-08-30,126.75.186.176
599,27,Downloaded Report,2025-08-25,78.70.158.254
600,21,Updated Issue,2025-08-25,104.33.5.78
601,2,Changed Role,2025-10-01,67.173.17.25
602,11,Logged Out,2025-08-05,141.69.29.15
603,37,Changed Role,2025-09-05,233.36.34.116
604,19,Modified Access Control,2025-10-01,174.10.246.109
605,21,Login Failed,2025-10-25,206.69.204.54
606,10,Viewed Project,2025-09-01,81.250.19.194
607,16,Viewed Project,2025-07-27,96.110.104.11
608,4,Login Failed,2025-10-07,135.170.123.240
609,6,Updated Issue,2025-09-04,75.66.218.123
610,35,Downloaded Report,2025-10-04,55.117.55.65
611,44,Viewed Project,2025-10-30,37.15.151.230
612,22,Changed Role,2025-07-18,115.105.237.107
613,14,Login Failed,2025-07-06,134.34.205.235
614,22,Changed Role,2025-07-02,150.154.201.168
615,19,Login Successful,2025-07-28,146.3.63.157
616,34,Created New Project,2025-07-30,56.134.181.219
617,9,Updated Issue,2025-08-08,6.100.127.10
618,1,Updated Issue,2025-07-29,9.17.207.124
619,34,Logged Out,2025-08-10,231.229.182.246
620,7,Updated Issue,2025-07-23,73.132.230.18
621,34,Viewed Project,2025-08-23,184.74.32.129
622,41,Login Successful,2025-09-10,66.99.225.243
623,2,Modified Access Control,2025-10-14,137.35.125.31
624,8,Viewed Project,2025-08-08,246.216.142.92
625,16,Logged Out,2025-09-25,145.90.31.27
626,36,Updated Issue,2025-10-20,233.188.91.217
627,26,Login Failed,2025-10-31,35.219.131.200
628,25,Updated Issue,2025-10-08,182.253.20.92
629,44,Downloaded Report,2025-07-12,89.42.218.115
630,43,Created New Project,2025-07-02,14.88.105.58
631,27,Changed Role,2025-09-20,123.42.7.55
632,48,Login Successful,2025-09-21,77.61.93.108
633,24,Logged Out,2025-08-15,14.149.144.13
634,3,Login Successful,2025-09-01,133.177.114.176
635,5,Logged Out,2025-09-09,125.183.246.43
636,48,Login Failed,2025-10-30,224.228.138.166
637,46,Login Failed,2025-08-09,11.254.97.0
638,29,Modified Access Control,2025-09-11,117.146.128.50
639,23,Viewed Project,2025-08-18,221.217.136.250
640,47,Modified Access Control,2025-10-18,116.30.147.188
641,23,Changed Role,2025-09-10,75.248.156.100
642,34,Logged Out,2025-10-04,101.172.92.227
643,30,Viewed Logs,2025-10-06,148.51.235.195
644,48,Changed Role,2025-08-12,145.57.98.88
645,29,Login Successful,2025-08-19,212.64.56.254
646,32,Login Successful,2025-10-15,114.65.25.49
647,11,Login Successful,2025-08-05,197.144.72.88
648,16,Viewed Project,2025-10-03,189.10.77.105
649,28,Viewed Project,2025-09-17,93.220.34.177
650,24,Changed Role,2025-10-20,227.224.110.60
651,42,Viewed Project,2025-10-18,148.197.236.24
652,21,Viewed Logs,2025-08-03,252.136.6.247
653,42,Login Successful,2025-07-13,223.66.189.248
654,8,Logged Out,2025-10-20,30.226.87.150
655,25,Logged Out,2025-07-23,226.181.57.251
656,17,Changed Role,2025-09-17,88.16.192.11
657,8,Login Successful,2025-07-16,74.15.0.147
658,38,Viewed Logs,2025-10-31,110.76.91.221
659,1,Logged Out,2025-08-26,205.164.12.113
660,39,Viewed Project,2025-08-21,216.17.146.89
661,33,Downloaded Report,2025-07-06,124.145.65.219
662,35,Viewed Project,2025-09-26,97.48.84.194
663,33,Login Failed,2025-08-28,18.137.34.0
664,40,Downloaded Report,2025-08-24,201.73.244.69
665,33,Viewed Project,2025-09-30,197.123.24.152
666,2,Updated Issue,2025-09-01,69.155.13.39
667,19,Viewed Logs,2025-07-13,126.36.44.121
668,27,Modified Access Control,2025-09-15,14.113.158.176
669,14,Downloaded Report,2025-10-13,39.133.205.207
670,31,Downloaded Report,2025-10-28,4.148.192.209
671,33,Viewed Project,2025-07-26,197.178.116.90
672,24,Login Failed,2025-08-09,111.22.251.130
673,9,Viewed Logs,2025-07-20,159.134.163.198
674,48,Created New Project,2025-07-26,133.98.147.55
675,18,Login Successful,2025-07-20,19.73.120.254
676,34,Downloaded Report,2025-10-14,74.205.205.174
677,41,Updated Issue,2025-07-04,81.127.244.167
678,28,Login Successful,2025-07-08,117.3.238.131
679,19,Viewed Logs,2025-09-10,165.17.233.174
680,35,Modified Access Control,2025-10-23,87.128.208.127
681,39,Modified Access Control,2025-10-07,103.159.180.55
682,10,Modified Access Control,2025-09-09,133.185.156.6
683,13,Modified Access Control,2025-08-22,22.96.148.144
684,36,Viewed Logs,2025-07-28,35.97.94.200
685,39,Created New Project,2025-07-27,95.235.143.65
686,32,Modified Access Control,2025-09-04,1.141.175.44
687,13,Created New Project,2025-08-18,22.214.224.22
688,25,Created New Project,2025-08-11,121.149.126.116
689,10,Login Successful,2025-09-13,38.226.195.24
690,8,Login Failed,2025-07-21,58.177.238.176
691,11,Viewed Project,2025-08-19,194.141.74.131
692,17,Login Failed,2025-07-30,168.184.30.239
693,26,Login Successful,2025-10-18,123.127.150.139
694,22,Viewed Logs,2025-07-20,103.73.232.167
695,38,Changed Role,2025-08-11,66.113.119.135
696,21,Changed Role,2025-08-28,171.120.219.148
697,48,Updated Issue,2025-07-23,124.23.169.164
698,15,Changed Role,2025-08-23,138.73.182.93
699,27,Changed Role,2025-07-25,203.226.45.199
700,13,Modified Access Control,2025-09-09,58.220.226.214
701,47,Login Successful,2025-07-29,198.172.222.23
702,27,Modified Access Control,2025-09-25,136.57.24.122
703,44,Viewed Logs,2025-10-24,219.35.57.85
704,25,Logged Out,2025-09-10,156.117.165.248
705,30,Created New Project,2025-09-03,209.83.241.128
706,36,Logged Out,2025-09-26,24.218.12.149
707,19,Login Failed,2025-08-06,79.76.219.45
708,3,Created New Project,2025-07-22,73.41.20.175
709,1,Viewed Project,2025-09-26,143.141.121.194
710,32,Changed Role,2025-08-08,144.201.247.190
711,10,Created New Project,2025-09-10,15.200.13.102
712,9,Changed Role,2025-10-22,245.193.147.132
713,3,Created New Project,2025-10-07,234.163.160.17
714,12,Created New Project,2025-10-07,147.234.67.187
715,26,Viewed Project,2025-08-10,25.88.14.210
716,9,Logged Out,2025-08-10,59.25.105.28
717,3,Created New Project,2025-10-22,117.45.71.141
718,29,Logged Out,2025-08-07,28.121.113.87
719,33,Created New Project,2025-08-19,64.177.104.251
720,29,Viewed Project,2025-07-15,170.33.27.74
721,48,Logged Out,2025-09-07,130.66.252.225
722,4,Login Failed,2025-10-13,92.113.3.4
723,13,Login Successful,2025-07-20,252.147.42.106
724,36,Viewed Logs,2025-07-06,133.247.255.154
725,12,Updated Issue,2025-07-20,22.37.175.123
726,2,Created New Project,2025-10-12,137.84.115.30
727,6,Login Successful,2025-08-22,191.129.157.84
728,43,Downloaded Report,2025-09-24,170.16.164.182
729,49,Modified Access Control,2025-07-01,155.120.204.120
730,1,Modified Access Control,2025-10-02,49.6.85.184
731,5,Updated Issue,2025-07-26,50.2.252.241
732,45,Modified Access Control,2025-09-13,67.36.166.55
733,41,Updated Issue,2025-07-27,182.122.90.135
734,32,Updated Issue,2025-08-28,107.161.138.98
735,31,Updated Issue,2025-09-03,235.160.223.155
736,47,Login Successful,2025-08-25,196.223.132.74
737,20,Modified Access Control,2025-07-04,250.193.70.48
738,38,Login Successful,2025-08-22,138.124.239.83
739,21,Changed Role,2025-08-10,132.213.201.200
740,5,Downloaded Report,2025-08-14,143.164.110.56
741,36,Viewed Logs,2025-10-02,107.219.190.248
742,29,Created New Project,2025-10-08,109.23.197.108
743,35,Downloaded Report,2025-07-27,21.99.157.160
744,50,Login Failed,2025-08-14,45.248.184.224
745,22,Changed Role,2025-08-08,80.149.250.122
746,16,Login Successful,2025-07-14,120.183.71.7
747,47,Modified Access Control,2025-09-13,148.249.98.234
748,32,Login Successful,2025-08-11,186.204.140.172
749,36,Login Failed,2025-07-26,125.176.73.178
750,48,Downloaded Report,2025-10-12,185.163.247.126
751,10,Login Failed,2025-10-24,155.45.143.237
752,2,Viewed Logs,2025-07-29,188.2.72.237
753,12,Created New Project,2025-08-18,225.231.95.164
754,38,Created New Project,2025-08-30,116.6.29.1
755,47,Modified Access Control,2025-10-17,235.231.211.52
756,3,Logged Out,2025-09-12,227.104.100.75
757,6,Viewed Project,2025-09-19,8.168.10.127
758,2,Modified Access Control,2025-07-10,201.51.243.35
759,35,Modified Access Control,2025-08-02,157.199.73.67
760,44,Downloaded Report,2025-10-02,28.85.19.203
761,24,Downloaded Report,2025-10-07,100.71.187.12
762,29,Updated Issue,2025-09-10,171.164.162.152
763,12,Downloaded Report,2025-07-05,1.240.43.220
764,49,Viewed Project,2025-07-22,89.231.130.55
765,46,Updated Issue,2025-08-16,160.60.12.142
766,17,Viewed Logs,2025-07-17,221.112.36.159
767,9,Login Successful,2025-09-24,156.8.173.114
768,19,Created New Project,2025-07-31,12.58.124.215
769,46,Downloaded Report,2025-07-08,100.137.197.139
770,48,Created New Project,2025-10-07,55.210.131.161
771,11,Downloaded Report,2025-10-06,245.39.58.7
772,34,Viewed Logs,2025-09-07,142.163.135.24
773,6,Updated Issue,2025-09-14,23.26.97.120
774,44,Viewed Project,2025-09-06,251.201.51.34
775,17,Downloaded Report,2025-08-12,75.98.13.155
776,6,Downloaded Report,2025-07-23,13.156.223.146
777,28,Downloaded Report,2025-07-26,216.178.236.220
778,30,Login Successful,2025-08-25,3.93.170.71
779,17,Login Failed,2025-10-07,203.23.64.132
780,8,Viewed Project,2025-09-11,191.228.58.177
781,36,Modified Access Control,2025-07-20,63.57.110.219
782,48,Viewed Logs,2025-10-24,6.115.18.32
783,15,Viewed Project,2025-10-10,141.158.179.12
784,40,Viewed Project,2025-08-15,250.80.188.27
785,25,Viewed Project,2025-10-24,110.195.99.223
786,19,Login Successful,2025-10-25,20.138.132.203
787,26,Login Successful,2025-07-14,226.40.215.125
788,20,Downloaded Report,2025-09-08,56.169.123.233
789,6,Login Successful,2025-07-02,244.174.180.237
790,24,Viewed Logs,2025-07-30,175.211.149.189
791,7,Login Failed,2025-09-22,254.118.74.19
792,34,Logged Out,2025-07-14,155.26.237.67
793,50,Changed Role,2025-09-16,160.0.171.1
794,43,Viewed Project,2025-08-15,82.44.87.90
795,30,Updated Issue,2025-09-01,156.169.236.28
796,30,Login Failed,2025-07-21,48.52.59.153
797,44,Modified Access Control,2025-09-15,7.149.254.67
798,20,Login Failed,2025-07-28,29.155.196.217
799,15,Login Successful,2025-09-25,32.61.58.110
800,33,Created New Project,2025-07-08,222.77.101.82
801,12,Login Successful,2025-10-01,175.245.113.138
802,7,Created New Project,2025-10-31,59.26.153.30
803,32,Changed Role,2025-08-08,24.12.159.91
804,37,Changed Role,2025-07-24,75.178.159.248
805,44,Logged Out,2025-07-19,6.145.80.247
806,23,Login Successful,2025-07-24,149.64.38.232
807,34,Viewed Logs,2025-08-21,148.81.84.74
808,5,Login Successful,2025-07-13,189.110.158.10
809,35,Downloaded Report,2025-09-01,210.189.101.198
810,32,Downloaded Report,2025-08-08,102.154.217.3
811,3,Changed Role,2025-08-24,179.129.37.179
812,22,Login Failed,2025-09-13,255.233.159.150
813,12,Updated Issue,2025-08-01,118.157.25.124
814,50,Downloaded Report,2025-09-12,254.41.79.43
815,34,Updated Issue,2025-10-11,46.43.190.147
816,18,Changed Role,2025-09-16,40.101.145.253
817,15,Downloaded Report,2025-09-21,3.189.1.214
818,9,Viewed Logs,2025-09-15,90.216.66.162
819,33,Updated Issue,2025-08-06,203.176.224.188
820,43,Logged Out,2025-09-05,201.25.216.230
821,7,Logged Out,2025-10-28,130.161.99.20
822,42,Viewed Project,2025-08-14,89.140.126.242
823,41,Logged Out,2025-07-18,88.128.131.68
824,44,Viewed Logs,2025-07-18,66.95.153.198
825,45,Viewed Logs,2025-10-03,33.238.141.4
826,38,Logged Out,2025-07-15,248.230.63.95
827,5,Viewed Project,2025-10-06,27.159.46.87
828,7,Updated Issue,2025-07-18,23.211.50.131
829,21,Viewed Logs,2025-07-03,112.141.154.114
830,43,Viewed Project,2025-08-23,44.159.177.75
831,48,Viewed Logs,2025-09-01,149.232.20.85
832,23,Logged Out,2025-10-14,128.62.179.122
833,14,Login Successful,2025-09-12,31.204.88.101
834,27,Modified Access Control,2025-09-22,177.215.109.131
835,41,Modified Access Control,2025-08-05,240.100.6.97
836,42,Viewed Logs,2025-10-17,187.192.121.179
837,14,Modified Access Control,2025-07-10,250.102.61.242
838,10,Logged Out,2025-07-14,35.179.182.213
839,38,Created New Project,2025-07-28,251.154.87.36
840,43,Logged Out,2025-07-27,52.240.87.86
841,34,Modified Access Control,2025-08-22,125.176.126.80
842,26,Logged Out,2025-10-29,94.20.95.56
843,23,Login Successful,2025-08-29,167.32.118.233
844,25,Downloaded Report,2025-08-30,75.182.179.33
845,42,Logged Out,2025-09-24,202.250.78.213
846,8,Viewed Logs,2025-07-10,156.24.151.8
847,31,Downloaded Report,2025-09-14,176.174.92.93
848,37,Viewed Logs,2025-10-02,65.200.242.217
849,41,Logged Out,2025-08-22,26.59.162.169
850,13,Login Successful,2025-10-14,110.138.141.0
851,38,Viewed Project,2025-10-20,96.16.184.98
852,4,Downloaded Report,2025-08-29,219.201.28.205
853,48,Created New Project,2025-10-22,78.215.221.227
854,49,Downloaded Report,2025-08-19,84.220.138.120
855,34,Viewed Project,2025-10-22,73.13.61.103
856,40,Viewed Project,2025-09-04,98.67.33.99
857,50,Created New Project,2025-07-11,151.74.32.229
858,13,Changed Role,2025-08-27,249.89.76.107
859,22,Updated Issue,2025-10-15,241.45.26.120
860,20,Downloaded Report,2025-07-21,49.127.195.9
861,3,Viewed Logs,2025-08-10,57.189.215.25
862,46,Login Successful,2025-10-11,82.78.170.240
863,4,Created New Project,2025-08-05,215.190.176.24
864,22,Login Successful,2025-09-12,119.79.174.151
865,37,Updated Issue,2025-07-10,206.43.62.117
866,42,Login Failed,2025-08-25,102.63.143.83
867,4,Modified Access Control,2025-07-05,179.180.35.224
868,13,Login Successful,2025-07-31,236.11.226.149
869,32,Login Successful,2025-10-21,105.250.101.63
870,8,Modified Access Control,2025-10-28,117.107.62.249
871,43,Login Successful,2025-10-19,116.203.222.146
872,19,Login Failed,2025-10-06,239.155.218.135
873,42,Logged Out,2025-09-13,131.73.143.15
874,11,Viewed Project,2025-08-07,23.241.74.126
875,29,Login Successful,2025-10-09,49.56.88.228
876,7,Login Successful,2025-09-09,130.218.180.157
877,26,Changed Role,2025-09-28,69.48.22.90
878,3,Login Successful,2025-07-20,122.114.188.243
879,15,Login Failed,2025-10-26,180.173.8.7
880,5,Viewed Project,2025-07-10,135.178.242.247
881,1,Logged Out,2025-08-05,243.187.31.230
882,40,Viewed Project,2025-08-24,197.189.1.253
883,3,Changed Role,2025-08-22,35.142.216.67
884,40,Logged Out,2025-10-28,221.24.153.138
885,42,Login Failed,2025-10-14,49.0.228.64
886,34,Changed Role,2025-08-28,76.64.131.63
887,6,Changed Role,2025-08-30,91.245.138.197
888,6,Downloaded Report,2025-09-05,234.207.52.206
889,23,Downloaded Report,2025-09-21,211.175.197.42
890,27,Modified Access Control,2025-08-05,120.87.225.246
891,25,Viewed Logs,2025-10-04,81.37.83.245
892,30,Viewed Logs,2025-08-30,68.71.194.250
893,2,Created New Project,2025-07-16,23.32.196.126
894,34,Updated Issue,2025-07-04,123.77.208.50
895,3,Updated Issue,2025-09-13,31.26.129.239
896,26,Updated Issue,2025-08-22,43.200.120.237
897,20,Viewed Project,2025-10-18,96.204.198.216
898,2,Downloaded Report,2025-07-18,251.46.167.83
899,34,Logged Out,2025-10-05,108.173.250.238
900,43,Login Successful,2025-09-11,60.83.173.14
901,34,Login Failed,2025-07-14,68.168.217.82
902,50,Updated Issue,2025-07-06,186.250.106.142
903,16,Created New Project,2025-09-24,96.104.204.92
904,8,Modified Access Control,2025-10-13,205.122.238.89
905,22,Login Successful,2025-07-14,46.52.206.84
906,4,Viewed Logs,2025-10-29,98.175.21.54
907,25,Created New Project,2025-07-04,27.151.176.170
908,43,Modified Access Control,2025-09-10,166.205.242.198
909,18,Viewed Project,2025-08-21,88.65.167.112
910,50,Login Failed,2025-07-23,138.81.153.107
911,21,Login Successful,2025-09-19,31.132.111.113
912,37,Changed Role,2025-09-17,69.142.203.243
913,10,Logged Out,2025-09-15,12.30.115.158
914,33,Viewed Project,2025-09-12,142.13.46.233
915,21,Login Successful,2025-09-29,46.247.81.216
916,30,Login Successful,2025-09-19,151.254.29.103
917,10,Updated Issue,2025-09-02,226.234.209.99
918,36,Viewed Logs,2025-07-13,209.227.38.111
919,17,Login Successful,2025-08-22,18.148.231.254
920,17,Modified Access Control,2025-09-29,252.106.143.57
921,17,Modified Access Control,2025-07-15,148.177.91.127
922,10,Login Failed,2025-07-09,157.233.150.174
923,9,Changed Role,2025-10-27,214.176.28.113
924,49,Logged Out,2025-10-30,252.6.87.235
925,3,Viewed Logs,2025-10-24,49.230.245.213
926,48,Created New Project,2025-10-06,139.12.211.65
927,49,Logged Out,2025-07-27,11.36.60.188
928,1,Downloaded Report,2025-07-27,150.55.84.41
929,9,Login Failed,2025-09-20,115.242.149.205
930,38,Viewed Logs,2025-09-06,218.128.69.201
931,5,Modified Access Control,2025-09-15,230.67.163.98
932,21,Changed Role,2025-09-13,55.42.194.71
933,40,Changed Role,2025-08-20,202.37.176.251
934,30,Logged Out,2025-08-21,230.237.140.129
935,14,Login Successful,2025-07-25,46.188.165.228
936,23,Login Failed,2025-07-15,54.216.173.53
937,30,Logged Out,2025-10-08,153.102.90.157
938,45,Changed Role,2025-07-19,251.220.34.136
939,6,Viewed Project,2025-09-04,52.154.197.237
940,46,Modified Access Control,2025-09-26,100.2.28.62
941,28,Login Failed,2025-08-08,135.81.106.62
942,22,Created New Project,2025-09-23,61.33.33.139
943,38,Modified Access Control,2025-07-01,51.167.192.125
944,10,Logged Out,2025-10-03,37.156.118.164
945,27,Modified Access Control,2025-09-27,154.12.159.4
946,10,Viewed Project,2025-08-11,163.188.226.41
947,21,Viewed Logs,2025-10-24,61.214.91.199
948,3,Created New Project,2025-08-22,130.86.145.140
949,34,Viewed Logs,2025-08-11,221.72.100.11
950,24,Created New Project,2025-07-06,122.134.192.133
951,50,Viewed Project,2025-08-21,102.2.179.223
952,45,Downloaded Report,2025-07-19,144.126.219.129
953,38,Login Successful,2025-08-21,240.171.126.120
954,37,Viewed Logs,2025-07-31,7.44.30.227
955,20,Updated Issue,2025-10-15,151.64.206.154
956,31,Logged Out,2025-10-29,120.140.79.185
957,36,Updated Issue,2025-08-02,27.82.141.173
958,50,Modified Access Control,2025-10-09,199.131.5.58
959,50,Viewed Logs,2025-10-02,105.72.167.156
960,2,Modified Access Control,2025-10-19,44.101.135.175
961,23,Changed Role,2025-09-04,1.152.25.214
962,49,Created New Project,2025-10-08,208.37.195.56
963,15,Downloaded Report,2025-07-25,71.17.143.125
964,41,Viewed Logs,2025-07-10,51.231.66.107
965,17,Modified Access Control,2025-09-14,129.110.17.56
966,47,Viewed Project,2025-07-10,15.239.40.111
967,33,Viewed Logs,2025-08-09,167.56.13.38
968,50,Viewed Project,2025-10-21,130.90.235.32
969,38,Updated Issue,2025-09-08,187.177.119.220
970,41,Logged Out,2025-10-09,214.136.110.44
971,40,Login Failed,2025-09-01,151.4.18.164
972,37,Created New Project,2025-10-02,73.161.140.115
973,35,Viewed Logs,2025-09-09,189.124.114.25
974,15,Logged Out,2025-10-12,74.78.107.145
975,38,Login Successful,2025-10-01,232.15.134.0
976,38,Login Failed,2025-09-12,121.72.201.50
977,44,Login Failed,2025-08-30,254.3.60.241
978,48,Modified Access Control,2025-08-18,28.162.180.216
979,1,Viewed Project,2025-07-05,54.134.201.15
980,40,Logged Out,2025-09-29,131.224.154.252
981,27,Updated Issue,2025-10-17,174.178.132.157
982,47,Downloaded Report,2025-08-23,7.182.251.70
983,4,Viewed Logs,2025-10-11,84.160.165.196
984,23,Viewed Logs,2025-08-10,128.12.181.159
985,3,Login Failed,2025-08-13,33.141.26.32
986,32,Changed Role,2025-08-06,5.227.114.96
987,10,Updated Issue,2025-10-15,210.217.91.239
988,48,Viewed Project,2025-09-14,239.74.163.80
989,8,Created New Project,2025-10-14,247.14.0.202
990,9,Login Successful,2025-10-21,136.149.217.56
991,40,Login Failed,2025-07-13,88.217.98.102
992,45,Created New Project,2025-07-02,20.85.116.220
993,13,Modified Access Control,2025-09-29,237.65.59.254
994,25,Changed Role,2025-08-16,32.220.184.159
995,14,Downloaded Report,2025-08-16,20.38.123.24
996,45,Login Successful,2025-09-01,188.216.239.144
997,8,Downloaded Report,2025-08-14,76.12.181.214
998,7,Logged Out,2025-07-05,132.14.45.83
999,19,Downloaded Report,2025-08-03,50.26.145.193
1000,30,Logged Out,2025-08-24,28.32.79.141
